track_id,track_name,danceability,acousticness,tempo,instrumentalness,energy,key,speechiness,mode,valence,liveness,play_number,playlist_number
58iL0nPrQDiGo78wm1E4XO,Forest Ghosts,0.108,0.914,75.733,0.834,0.272,2,0.0367,0,0.0695,0.0845,1,1
4DQvQr7e1reGeNuziY30hv,Last Winter,0.728,0.0749,99.014,0.83,0.61,11,0.0644,0,0.14,0.106,2,1
77VCh47G2NW2R9MrhE4GSP,Love Is the Message,0.34,0.348,82.896,0.904,0.557,1,0.0351,0,0.416,0.0888,3,1
3hELSPpiLJFdgSZ1h7YpBL,Temple,0.246,0.438,118.886,0.252,0.565,10,0.0382,1,0.0378,0.0989,4,1
5lroY9xmal22Xc5ebtvO4t,Hidden Tropics,0.678,0.154,124.001,0.869,0.802,5,0.0514,0,0.401,0.366,5,1
1ESzyXxkUwxQF3Blh7O3Dt,No War,0.592,0.0232,119.998,0.862,0.675,2,0.0316,0,0.276,0.076,6,1
23BOrb5trC7y1vr26IRAQ4,Dschuna - Dixon Mix,0.656,0.00403,118.027,0.803,0.744,5,0.0491,1,0.184,0.379,7,1
5GebEEB1cB7JGJQKU2JgEr,Slanted,0.439,0.199,174.079,0.567,0.6,7,0.187,0,0.336,0.386,8,1
6aykUGbGRd23YUrMYYOclI,Making Sense,0.629,0.234,140.014,0.37,0.559,5,0.0384,0,0.215,0.0856,9,1
2U1ywD86EqAx9JRDohDZH7,Waters Rising,0.384,0.000336,108.106,0.436,0.713,0,0.0582,0,0.0434,0.556,10,1
3u2R3fpfSNwvEWDzSVcXVS,undir,0.368,0.78,140.009,0.89,0.479,4,0.0486,1,0.0367,0.0887,11,1
46eZrYtPVulmQNz6LgiTEr,J Buyers,0.422,0.411,151.487,0.886,0.707,1,0.0395,0,0.532,0.123,12,1
1zsI90Kqvo7c26KAySCRw0,Restless,0.754,0.339,115.007,0.786,0.782,8,0.0437,0,0.941,0.159,13,1
2HOh3QHfKfMmcQcarbQfbD,Mesosphere,0.631,0.0704,126.38,0.937,0.748,10,0.051,0,0.506,0.518,14,1
3zaP5shr7BR6Ehj9lZQZPJ,Cape Town Jam,0.429,0.0197,124.989,0.902,0.724,5,0.0491,1,0.945,0.261,15,1
1f0yPMwmN0LDuqDsJJcmif,Desires,0.813,0.00323,126.0,0.0771,0.637,4,0.213,0,0.794,0.0516,16,1
6IwbrqhA8HxDwcIWNbAbGV,Afe Ato Yen Bio,0.814,0.404,122.312,0.000164,0.856,3,0.0404,1,0.95,0.147,17,1
6d7pdDVxhOAAelJITR3R4Y,Where Will I Go,0.475,0.075,124.571,0.019,0.551,8,0.0353,0,0.429,0.129,18,1
1AEKWsqPEFRLAhBOvpLZFC,Always,0.489,0.011,131.817,0.0,0.671,9,0.0375,0,0.691,0.632,19,1
5jMNLNQVRMlVAxCyZEQ4Mg,Your Life,0.756,0.0116,119.023,0.654,0.374,2,0.0783,0,0.45,0.082,20,1
4pMJF059Rex6E7L0Z1Iipx,Identity,0.562,0.368,121.018,0.942,0.552,6,0.0427,1,0.2,0.104,21,1
1Kof47wXnb6Ex2VDnvhvaV,Ready Set Go - Saturn Memories Tahini Mix,0.811,0.0187,115.989,0.886,0.72,7,0.0513,1,0.698,0.0739,22,1
3DZqLM8smH1i7Cr6xPunMh,Mating Call,0.639,0.0245,124.007,0.931,0.894,1,0.041,1,0.413,0.255,23,1
5b8ttHzN2ljyUb7e2kkkhh,String Theory,0.742,0.00535,125.004,0.846,0.813,10,0.0544,0,0.54,0.129,24,1
6aw2BGPAzY5kcM3WzELaN3,Starwood Choker,0.068,0.902,73.826,0.936,0.211,11,0.0353,1,0.0354,0.0972,1,2
0KUhHZBmb6vtcVLDBZ6aCB,Over Falls,0.687,0.0729,115.002,0.912,0.733,2,0.047,1,0.377,0.0857,2,2
6uPSGUUi5uucZmfdYP2ttB,Bossa Over? ( Take2),0.797,0.0058,114.997,0.899,0.835,9,0.06,1,0.14,0.329,3,2
7JtgYIvJSQBTFHmJ4nIQ0E,La Dame En Rouge,0.535,0.984,83.996,0.847,0.081,9,0.0319,0,0.136,0.0717,4,2
7HPoNHUAZaXkMFoKUL8Dah,Change,0.918,0.0283,120.006,0.136,0.936,9,0.0877,0,0.923,0.0282,5,2
60hTTJaJ5h6Jr8Hw8kFIMQ,Untitled A1,0.851,0.523,119.991,0.713,0.183,7,0.0672,1,0.343,0.0711,6,2
1dc1QqI8J3tIc9HgDyvrtc,For Us,0.708,0.832,98.328,0.386,0.412,7,0.0516,0,0.56,0.084,7,2
3QZNQYftVFFZFLtthnFhB7,Show Me The Way - Original Mix,0.716,0.00301,126.997,1.29e-06,0.69,8,0.0997,0,0.693,0.12,8,2
2gufyyPazraBadP6QYIvOG,Voices,0.769,0.000481,122.012,0.848,0.716,2,0.0503,1,0.709,0.0669,9,2
1spMky7LRW8KwPRmhQPw9e,Dirty - Original,0.743,0.00659,126.008,0.895,0.849,7,0.0537,1,0.25,0.0767,10,2
4EMXfdWhH0x12WluTsnr85,Kilter,0.724,0.063,123.012,0.788,0.733,0,0.0689,1,0.127,0.139,11,2
1cdB9xuMcwiBBX6VGLCK03,We Dance Again (feat. Nakhane Toure),0.668,0.0412,122.024,0.263,0.544,7,0.0522,1,0.345,0.0549,12,2
3RjJ7cLbldMMn6QPAySECT,Creeping,0.488,0.197,77.6,0.0,0.415,11,0.438,0,0.305,0.123,13,2
7l5j3FapCyr6HxUgoAynM2,Gap in the Clouds,0.576,0.588,139.939,0.0106,0.535,9,0.041,1,0.196,0.31,14,2
0B7tgqZYgyUkrJ65XWFl72,I'm Still a Man (Lord Have Mercy),0.769,0.457,87.356,0.000248,0.326,0,0.0361,1,0.868,0.076,15,2
3hIcea614YYrCEJGtHUyKS,Song for My Father,0.894,0.288,113.199,0.0114,0.475,0,0.163,0,0.903,0.132,16,2
4Z4i631BesV0P6LTvfLAdL,Talk to Me You'll Understand,0.741,0.661,126.008,0.674,0.619,1,0.0514,0,0.146,0.125,17,2
6aIUAZaJgtGpQpdbMazFwO,Our Odyssey,0.706,0.0801,123.988,0.79,0.524,2,0.0364,1,0.0793,0.108,18,2
4B3wSbmnVRqpmCh3AsIZAh,Sure,0.396,0.872,134.129,0.000883,0.234,4,0.0509,0,0.0394,0.0788,19,2
5sWLJmq4bXSg70gpeHpPqa,Flight Formation,0.62,0.026,120.834,0.809,0.79,9,0.0616,1,0.604,0.396,20,2
3SiwBkQGa7F6zupLVtEP9r,Drums and Claps,0.807,0.0529,122.97,0.859,0.958,6,0.0452,1,0.691,0.106,21,2
7K1nVHffWOQkVK94v1Fn06,Feelin' Moody,0.728,3e-05,123.356,0.0676,0.971,2,0.0621,1,0.477,0.0282,22,2
4YGJ3id9Vt9WmtySe2bAbz,The Black Cat,0.811,0.000263,123.989,0.863,0.421,7,0.0714,1,0.332,0.0918,23,2
3NQpVcIHoWZUBWtP6uE9ey,Somewhere,0.749,0.000788,122.998,0.772,0.57,8,0.0323,1,0.471,0.284,24,2
0brnyKRZKnNngbH444p8cn,Prince of the Sea,0.0774,0.628,76.982,0.888,0.349,0,0.041,1,0.0283,0.0557,1,3
62wAc90VNxtcNJQJrPaeJQ,Come Meh Way,0.682,0.0738,159.983,0.000758,0.861,4,0.0978,0,0.742,0.183,2,3
52DU7jI42CFgfUrvi7mhbA,In Between Worlds,0.532,0.393,89.802,2.53e-06,0.397,0,0.0411,1,0.451,0.116,3,3
2ZFdsjmnaovdILzLCaZaVw,Alagi,0.829,0.399,103.002,0.611,0.541,9,0.0864,0,0.577,0.122,4,3
0lwkL0G07NYtLrQCugi8lX,Pineapple,0.849,0.392,99.983,0.191,0.529,7,0.141,1,0.538,0.105,5,3
6yMAy8BOBn1dZ1Emu1akHS,Apakapa,0.598,0.00367,109.995,0.899,0.9,7,0.0528,1,0.445,0.0938,6,3
29uvh9AKNiD8CVwxDSWZeD,Pass Through the Fire,0.485,0.000222,94.018,0.807,0.694,7,0.0326,1,0.452,0.111,7,3
5Hq3XkSIa6kJ46jJWkSJRh,Boreal Forest,0.281,0.403,124.671,0.471,0.431,1,0.0335,1,0.191,0.116,8,3
2qcPi2BKIrArJ0Cnb06kqC,Till dig,0.593,0.863,116.41,0.926,0.258,10,0.0544,0,0.1,0.0906,9,3
23fEf1PfWtRbVSUEizPNjH,Inharmonious Slog,0.793,0.104,115.025,0.805,0.492,1,0.0526,0,0.12,0.337,10,3
4iK42BgJqtTLVBLwrxVfLN,Life on Earth,0.661,0.627,112.453,0.857,0.669,9,0.0346,0,0.776,0.304,11,3
2DeV4SryfbbEM1YgedzKP4,Burns,0.749,0.32,120.008,0.855,0.538,2,0.034,1,0.122,0.0904,12,3
0MUyYLTGossGLHTkHQH65W,I Will Make Room for You - Four Tet Remix,0.661,0.106,119.999,0.892,0.661,6,0.0431,1,0.729,0.0975,13,3
7xKYBm1eBxxGsj9PvkLhFu,Can't Find It (The House Sound),0.844,0.204,120.001,0.834,0.353,6,0.0756,0,0.0657,0.099,14,3
79GFKFraKaZAqMUdt9g1nG,Path of Ruin - Pain Mix,0.706,2.48e-05,123.001,0.864,0.712,6,0.051,1,0.0477,0.109,15,3
0oHp0oW3RhkwBuNSDFY1Jq,One More Fluorescent Rush,0.612,0.00318,124.877,0.891,0.984,10,0.0337,0,0.405,0.112,16,3
5TYtHdPWEp4LdvfrXGd8jG,Arc - Mixed,0.713,0.00121,120.022,0.89,0.537,4,0.0464,0,0.116,0.113,17,3
72hNRsk1d6yo98UTzZjZiT,U Hold Me Without Touch,0.663,0.488,127.025,0.837,0.707,5,0.0431,0,0.256,0.129,18,3
5qGiFVD3CVWGBGYJxEygLE,Glue,0.853,0.0158,129.983,0.948,0.798,4,0.068,0,0.42,0.0967,19,3
4uayzCHBoZ1cpTSpMmdMXB,Blurred - Bonobo Remix,0.678,0.0577,124.99,0.865,0.629,1,0.0442,0,0.305,0.111,20,3
5OnAqnPnW4ME8BUMW8ZRcw,Praying Mantis,0.793,0.00265,132.001,0.906,0.615,11,0.071,1,0.15,0.12,21,3
4Tg0ra2NwFahHXiboKtfPW,"Showreel, Pt. 2",0.274,0.06,92.635,0.689,0.787,8,0.0495,1,0.143,0.133,22,3
5FseKiInHwPP0noCzoBmc8,Sacred Rowan Grove,0.423,0.089,120.047,0.694,0.905,8,0.0961,1,0.352,0.343,23,3
06xHJ8x3p0Kaw1zYfevxSA,Stretch Your Eyes - Quiet Village Remix,0.579,0.429,120.004,0.901,0.411,1,0.0352,1,0.0386,0.105,24,3
7FLWpgPAF99CZvGcNBGwGU,Why so Angry,0.7,0.195,125.019,0.693,0.726,6,0.0569,0,0.21,0.101,25,3
1xvhO2IhKqdWjtUjOVRebg,Verso,0.488,0.947,136.542,0.953,0.45,3,0.033,1,0.168,0.123,26,3
0THutYP9Uqq75bogKFuoXL,Eden (Harlem),0.0794,0.614,81.682,0.86,0.201,10,0.0406,1,0.0412,0.108,1,4
52D4vLqcr5Nvnzb4GVyZlp,Blackbird,0.386,0.896,90.425,0.0533,0.115,0,0.0476,1,0.143,0.11,2,4
5sQVDkkGxoxGcRJ0MkjblB,Brown Oxford,0.748,0.0717,119.992,0.748,0.723,3,0.0469,0,0.55,0.117,3,4
6hTU0FvBzbtQXNOCfBRfr5,Never Forever,0.627,0.00302,119.992,0.911,0.885,9,0.0385,0,0.443,0.51,4,4
2yNmtP6AH5ovZkPsQ4v4JB,Yes,0.808,0.311,119.986,0.869,0.752,7,0.0566,0,0.819,0.0804,5,4
35q9WuDJDnXhhvDhXtdhZb,Are You Jazz?,0.799,0.00983,114.993,0.913,0.661,1,0.058,1,0.466,0.0307,6,4
4nfhLo8wrMNKjcPEenGzX4,Continue the Fun - Space Version,0.809,0.199,119.884,0.906,0.612,11,0.0648,1,0.796,0.102,7,4
0DLIOuDOFFeYNumZUQpPLP,Heyyeh - Tom Blip Remix,0.81,0.000688,120.014,0.856,0.669,6,0.0817,1,0.056,0.0613,8,4
4RHMC3OE3oBpS32peJ6tR6,Final Days - Bonobo Remix,0.709,0.0845,116.99,0.344,0.826,6,0.0404,0,0.337,0.0975,9,4
6vDXDAEr10LtUrMWAhoVxb,Snowing Throw – Lose Again,0.883,0.0072,125.061,0.878,0.791,11,0.0699,0,0.17,0.119,10,4
61xP4MEK3Ql5qOuUzRlc90,Why? - DJ Seinfeld Remix,0.541,0.0234,119.043,0.78,0.886,10,0.0588,1,0.0942,0.14,11,4
7sJGy4DgzbGim6hcdw04Fc,Green Wine,0.807,0.135,120.034,0.824,0.717,8,0.058,1,0.305,0.137,12,4
3OW0DWxx56Wsc5wHfnNmM2,Like This - Full Mix,0.815,0.000141,132.017,0.6,0.785,0,0.0628,1,0.584,0.216,13,4
1ZD8vZkXOcnwFjCqFQuzs9,Werk,0.819,0.000161,130.011,0.863,0.958,1,0.145,1,0.446,0.053,14,4
4DUxuMpejTtuE6P1PmSXPv,Ndebele,0.799,0.0188,126.034,0.835,0.991,10,0.0566,0,0.898,0.301,15,4
1hwAguis3pTqmmQ7HGNqW1,Tiger Song,0.681,0.607,125.906,0.0,0.691,6,0.294,0,0.464,0.147,16,4
5m7a3ZWjnxnSNFKemsVI3e,Loneliness,0.789,0.00716,130.016,0.598,0.879,10,0.0466,0,0.654,0.0752,17,4
0QqYOijjEVRpf2ePgB1tVU,Pearls,0.682,0.152,124.974,0.916,0.732,9,0.0596,0,0.755,0.486,18,4
5VL0XgIWhkAa27vDAbeVGN,Temples,0.434,0.0108,170.698,0.834,0.479,1,0.0784,1,0.0892,0.14,19,4
1dL5WXVruORU0nUao9bgzC,Timber - Maceo Plex Remix,0.839,0.00209,128.008,0.0598,0.61,1,0.0338,1,0.0534,0.0901,20,4
62gvCFP2ENmOSFG35MVF1M,Long Gone,0.768,0.446,128.991,0.624,0.569,11,0.0618,1,0.476,0.0521,21,4
4vqd46ciwGymoMsu8myjyk,Mesablanca (O'Flynn & Ekhe Dub),0.697,0.000857,129.998,0.844,0.883,1,0.0655,1,0.294,0.163,22,4
7g5z9oXwEGwOPqofm4yj3i,Træns 5,0.566,9.71e-05,124.008,0.281,0.88,7,0.0551,1,0.881,0.089,23,4
38s6iiOu26spsFZKj8BtfM,Demba,0.715,0.114,128.043,0.138,0.639,2,0.104,1,0.522,0.0963,24,4
1Ug6EyZPY7VgW4eO3Z5UFx,Ouin,0.824,0.029,127.024,0.928,0.49,9,0.105,0,0.549,0.108,25,4
3AaGCSpUFAmtB1XGxz5IWk,ATK,0.705,0.00471,127.983,0.855,0.881,7,0.0625,1,0.584,0.0512,1,5
6ilWOSGCIpyRCnVUZsSbEB,Sadhana,0.73,0.045,129.965,0.712,0.891,1,0.0701,1,0.976,0.186,2,5
1v3ooF930KR3W7VlM7Mzbl,Pressure Roll,0.731,1.2e-05,130.004,0.914,0.945,7,0.238,1,0.406,0.0288,3,5
3yaAqfGcXeC02j88iaoebG,Fold,0.792,0.0485,128.002,0.84,0.861,2,0.0476,1,0.0869,0.107,4,5
5HWybXhMxw8W8t0sUPysxf,Need You,0.692,0.372,128.025,0.698,0.659,6,0.0428,0,0.276,0.0686,5,5
49vNlVxrCBf5WwUCDySVuN,Blood In The Snow - Tibi Dabo Remix,0.79,0.0132,130.99,0.859,0.715,0,0.0476,1,0.47,0.0746,6,5
3MOhipHFUkGpS0rV7cKrJO,Rosewood,0.757,0.0668,121.009,0.485,0.637,10,0.0432,0,0.429,0.191,7,5
0yUaLqhsVsguBpoOPL4cO7,In Ha Mood,0.767,0.678,141.075,1.1e-05,0.722,0,0.31,1,0.52,0.231,8,5
4vworrZL7bZN3Jk4Yh1GJt,Move Your Body (Elevation) [Club Mix],0.709,0.000149,121.97,0.0183,0.76,0,0.0397,1,0.674,0.351,9,5
67Hp634KZbo9B5WMsJOalE,It's a Fine Day,0.606,0.115,125.007,0.0547,0.955,1,0.0462,0,0.285,0.15,10,5
0JL9dXZ2tjMabWjVjeutKH,Polyghost,0.298,0.927,127.917,0.847,0.228,3,0.0367,0,0.0839,0.11,11,5
0wUIiILb3unP1LWA91POJn,Clap Clap,0.798,0.00349,127.993,0.896,0.954,0,0.0856,1,0.233,0.0476,12,5
2jPGZrgcptxJpFV5FXeFZX,Joy,0.777,0.165,123.003,0.86,0.705,5,0.0639,0,0.454,0.157,13,5
6dsZAzOrP9af5rmzGl9Tlr,Lam Phu Thai # 1,0.494,0.356,97.767,0.986,0.579,7,0.041,0,0.773,0.33,1,6
4j69YUUEOMwYZqkZjNOXZu,Time Eater,0.622,0.0683,119.958,0.779,0.888,6,0.0449,1,0.408,0.254,2,6
6gq23eytXyqTtpssL2XORu,Ritual,0.526,0.66,35.694,0.558,0.245,10,0.0327,0,0.289,0.113,3,6
7rSSc78daZLuk6cvE2onJk,Jnt,0.701,0.0782,122.942,0.872,0.544,8,0.0748,1,0.0792,0.11,4,6
5p0Qo3kg0tULw2rcRpqi1e,J.B.Y.,0.643,0.647,95.019,0.848,0.633,7,0.0418,0,0.136,0.109,5,6
43a5eytnLzXlKdmf8JB9er,Mechanical Turk (Courtesy of Karpov not Kasparov),0.625,0.0182,113.022,0.771,0.633,2,0.0403,1,0.676,0.0499,6,6
1enynlph69y9FEW7NVhkO3,Csay Csay,0.73,0.218,113.274,0.472,0.601,6,0.0422,0,0.0625,0.0652,7,6
4Yiy714hPjl1kVoOgQirz0,Sounding Line 3,0.817,0.0894,115.015,0.818,0.672,10,0.0552,0,0.493,0.136,8,6
4i15m6DrqNMC8WPllDn3hl,Atomic Bomb - Cover,0.834,0.0145,125.798,0.27,0.56,8,0.044,0,0.778,0.446,9,6
5QdpQ25GDopAj9Crq1J8l0,Kiburu's,0.742,0.0236,119.997,0.00165,0.924,1,0.168,1,0.746,0.357,10,6
4rn7EkBbUgbI7szafLYTUx,See Some Light - LowHeads Night Mix,0.807,0.000714,118.985,0.687,0.838,7,0.0518,1,0.134,0.105,11,6
5eaAfrNGUeCpV9m6WETbrW,Umami,0.777,0.0303,120.015,0.576,0.888,1,0.0404,1,0.47,0.0873,12,6
7CuagiGvDjxrIXka5R2fGu,Desmond's Empire,0.758,0.0515,120.01,0.0861,0.672,11,0.0455,1,0.178,0.114,13,6
3tTShgfoXI7p9wN6o9F1T8,Velvet Coffin Pt. 1,0.293,0.524,92.278,0.367,0.76,6,0.308,1,0.119,0.14,14,6
77PMEc4VapQ93om4Znocyd,It's Here,0.548,0.886,114.499,0.47,0.474,3,0.0757,0,0.432,0.107,15,6
46AGuB3RXz6UaIFERcJOq4,Room In Here,0.643,0.269,86.985,4.73e-06,0.894,6,0.374,0,0.459,0.257,16,6
5I1LDaX9jk3sKRErMZJyVm,Blicka Blicka,0.561,0.605,125.078,0.00216,0.586,8,0.214,1,0.243,0.345,17,6
3u2uw79iGcveCDxYgm60ft,Sadeo,0.42,0.915,98.624,0.00123,0.257,0,0.0359,1,0.0838,0.115,18,6
3bPlMzfHJMYqdAC80NLPTb,Remember the Rain,0.519,0.74,136.062,0.0199,0.402,6,0.0304,1,0.51,0.108,19,6
5pdXvqbNN5kdR3yP28kbZE,グッド・バイ・マイ・ラブ,0.407,0.645,118.764,5.47e-06,0.478,3,0.032,1,0.447,0.0912,20,6
2e7cqTtXsEmSwrFRHUXA8F,Junun,0.465,0.26,155.022,0.00838,0.866,11,0.0863,1,0.84,0.155,21,6
0E2oFVLYPo9Zy8iRuvdOsO,Calypso Breakdown,0.582,0.353,116.14,0.739,0.976,9,0.0409,1,0.962,0.042,22,6
3Kk09UY1BMfazXZ2LW0NdM,Still There - Max Cooper Remix,0.676,0.0956,119.001,0.858,0.589,6,0.0451,1,0.615,0.0803,23,6
6bggJGFDwd8ZzSK535TW93,Cirrus,0.64,0.391,119.038,0.93,0.845,2,0.0374,0,0.365,0.0826,1,7
20ieXcjQBv4ePXkWxhvKPV,More Than Me,0.851,0.00383,117.994,0.38,0.714,9,0.0476,0,0.414,0.0213,2,7
5gZQ4zObUQdHMz1ZvY8ZHr,Straight & Arrow,0.876,0.018,115.996,0.941,0.584,1,0.0727,1,0.3,0.0698,3,7
6KuF6uqMIvaafrF1LCWcEg,Matthew and Toby - Four Tet Remix,0.744,0.572,125.007,0.94,0.483,7,0.0438,1,0.281,0.107,4,7
3wOvsTasHWNjKylBslUtL7,Sapphire,0.641,0.048,135.024,0.612,0.631,0,0.0312,0,0.0549,0.137,5,7
3XxUrQjvqK1J6ApLK7E8G0,What's There,0.682,0.0295,131.035,0.84,0.669,4,0.0437,0,0.336,0.129,6,7
6WvMiJ7yIczj0GqNQ8ADjz,Kiara (Cosmin TRG Remix),0.593,0.0112,124.987,0.905,0.892,2,0.052,1,0.1,0.0897,7,7
3pXQeUeMYYxdBouICpd0L2,Pyre,0.803,0.0545,131.009,0.827,0.526,9,0.0656,0,0.105,0.0732,8,7
3NcXSz4d3J7IfUjfNlT4CV,ARP3,0.824,0.0372,124.943,0.918,0.596,5,0.0936,0,0.27,0.0751,9,7
6xGFUqbhwuDPkcYceJh1P6,All In Forms (Mike Slott Remix),0.313,0.0821,77.578,0.822,0.633,9,0.0852,1,0.111,0.0571,10,7
3WoWUUWs3zmFKegVLt2oWD,Eyesdown (Machinedrum Remix),0.33,0.000181,159.943,0.892,0.929,1,0.0973,1,0.434,0.0945,11,7
4x0WzGuKSqZkDKi0N69CLd,Bax,0.788,0.000754,134.023,0.882,0.733,11,0.0519,0,0.8,0.0626,12,7
6jhm7KeidwkYSop3tWEpCR,Flicker - Mixed,0.68,0.0371,121.001,0.8,0.719,6,0.0425,1,0.0931,0.0825,1,8
70ty8QsYOKx9PGCADJSdA3,Boston Common - Mixed,0.842,0.03,121.096,0.508,0.782,3,0.134,0,0.742,0.0308,2,8
62MG9pET1R6tK2LEhQp0HX,Jacquot (Waters Of Praslin) - Mixed,0.617,0.00253,122.876,0.937,0.898,2,0.0402,1,0.395,0.13,3,8
5X77TGdnwDWETSRNlxkOOZ,Hidden Tropics - Mixed,0.683,0.158,123.051,0.881,0.937,5,0.0413,0,0.531,0.0907,4,8
63SN0vwhCmYBcBSvaHb5td,Nia - Mixed,0.407,6.28e-05,122.833,0.904,0.788,6,0.0351,1,0.301,0.115,5,8
4tUA0XgKiEigUywHbtkdLX,Maia - Mixed,0.592,0.131,122.992,0.911,0.829,10,0.0345,0,0.254,0.109,6,8
2yVvaMeR6fHEJnVDYAtX2R,Cold Harbour - Mixed,0.744,0.177,123.015,0.925,0.863,1,0.063,1,0.309,0.108,7,8
2hktBdwqtF6YKWKiI3IHld,Ibrik - Mixed,0.746,0.179,122.997,0.923,0.616,5,0.0901,0,0.0992,0.119,8,8
3ebBvdXiKSm4F7KnlYwIGr,Femenine - Mixed,0.597,0.241,123.02,0.906,0.541,3,0.0308,1,0.149,0.156,9,8
37uU8o0cTjkpQO5iLRtpin,TKOTN - Mixed,0.793,0.0038,125.009,0.872,0.807,10,0.0497,0,0.471,0.0957,10,8
6skQUzz3MsUz2coLt9cNIr,Sacred - Mixed,0.659,0.00919,125.002,0.816,0.842,1,0.0325,1,0.457,0.134,11,8
0O9KJ1I2AVsWV2WVOhH7cn,By Your Side - Mixed,0.58,0.0282,124.986,0.904,0.949,1,0.0363,1,0.179,0.202,12,8
5e0Re9ZTGAdneMANQGnBFv,Buzzard Walk - Mixed,0.379,0.0265,124.931,0.736,0.751,1,0.0502,1,0.153,0.433,13,8
0z5IvI7mWc0ovidkaqqPGw,Focus - Mixed,0.672,0.0928,125.002,0.000408,0.787,6,0.0528,1,0.924,0.253,14,8
7nJYAX12wBFayluex9EEpd,Roach - Mixed,0.786,0.000966,125.034,0.919,0.798,11,0.0554,0,0.732,0.126,15,8
4kTnzCEM0ySHMf8nSCqLB5,Perpetrator - Mixed,0.49,0.000233,125.067,0.703,0.83,8,0.0701,1,0.198,0.329,16,8
5wt8xyRZ2w0FXajMTXb8kZ,Mirapolis (Laurent Garnier Remix) - Mixed,0.533,0.0498,125.009,0.931,0.743,10,0.0446,0,0.249,0.591,17,8
2OrDR0g9cuZPyxhpmgXXPA,Rheged - Mixed,0.689,0.0172,125.027,0.563,0.783,8,0.0391,1,0.157,0.0965,18,8
5RFqOADZPlCiP6PEW71ahg,The Way - Mixed,0.738,0.00192,126.053,0.0355,0.609,10,0.0551,0,0.558,0.155,19,8
5WvOk9rHuKBtf9U6qAErcF,Stargard - Mixed,0.658,0.118,126.075,0.308,0.771,6,0.035,1,0.91,0.0923,20,8
4qmaEfAe4UHGVBDMZp9xnn,If You (Club Mix) - Mixed,0.636,0.049,126.935,0.953,0.716,10,0.0319,0,0.37,0.221,21,8
3PmJIGRY68TUPmhfAe9Prz,Collage Of Dreams - Mixed,0.494,0.51,127.004,0.922,0.693,8,0.0372,0,0.0864,0.102,22,8
5EGJ7e7frJjYja6H4afzoT,Bambro Koyo Ganda,0.723,0.21,115.518,0.334,0.571,1,0.0572,1,0.185,0.133,1,9
0UoXzSgRU5Igibr2Wntm9w,Elephants - Original Mix,0.759,0.0387,117.997,0.827,0.402,10,0.082,0,0.0854,0.101,2,9
3FeosxZcVBWesL8jTMtVbk,Split Wick,0.803,0.00332,122.008,0.916,0.576,1,0.051,0,0.203,0.0721,3,9
1wUi98zKIqQqeJaSsORKqm,Wrong Diagonal,0.803,1.18e-05,123.021,0.89,0.685,7,0.0507,1,0.0648,0.216,4,9
3rCtueI7qBN2kZBZnXuk5K,Linked,0.713,0.539,122.041,0.886,0.725,6,0.0385,1,0.24,0.111,5,9
7sqgV3wwdHFWCkaYNJkY7o,Trébucher,0.547,0.0226,124.993,0.748,0.842,6,0.0369,1,0.235,0.66,6,9
3sJCADvtbzgKPzEBHhHSLY,One More Fluorescent Rush,0.612,0.00322,124.877,0.889,0.984,10,0.0335,0,0.398,0.112,7,9
7B4LoQ23Anl4CbUJxHCoYS,Outgrown,0.511,0.0425,127.972,0.916,0.818,1,0.0333,1,0.153,0.0969,8,9
5seZV3dCxExd7Q36KwWh2S,Hey Mama,0.792,0.0196,127.004,0.866,0.693,1,0.0466,1,0.113,0.0653,9,9
7ocA5x1DLDKBHPpFD0K4EF,Bosphorus,0.524,0.0201,124.929,0.597,0.793,10,0.0498,0,0.44,0.0347,10,9
4RTPdgun3QimcZbytzLxOC,Song For Mr. Lewis - Original Mix,0.718,0.0216,127.008,0.851,0.644,10,0.0496,0,0.697,0.0459,11,9
6YcWUCLMUyTaKScNXIG3qI,Stand Up! - Pangaea's Mix,0.437,0.00942,191.208,0.215,0.683,7,0.209,1,0.0837,0.0935,12,9
5fXHswaQRTvzfwTC8CW5Ew,Casa - Axel Boman Dub Mix,0.757,0.0158,124.003,0.874,0.905,11,0.0507,1,0.553,0.0928,13,9
20YfhQiwRzzQgrltg5rGE5,Changa,0.819,0.00414,124.978,0.552,0.754,7,0.192,1,0.632,0.0657,14,9
5DAjrJqXqYtgr67pVhmUeR,Kerala,0.529,0.0237,124.75,0.607,0.739,7,0.0718,0,0.138,0.171,15,9
2ZaL63zLMDr6H18El2EIt9,Rosewood,0.757,0.0668,121.009,0.485,0.637,10,0.0432,0,0.429,0.191,1,10
1uOtAQ7g9zVKf8vh0dcO4d,How Long,0.626,0.0708,119.131,0.0382,0.855,11,0.0583,0,0.194,0.143,2,10
59QNyVtGhYoDnpO6T1e4yR,Otomo,0.667,0.00409,125.994,0.856,0.841,4,0.0423,0,0.0392,0.114,5,10
7aLYQgzGLy8duSSdTJa1ik,Shadows,0.658,0.0913,114.029,0.393,0.576,10,0.036,0,0.593,0.107,6,10
1V2Z18nOByb7DqCECFh2Yt,La Perla - Tourist Remix,0.664,0.0316,124.0,0.892,0.524,7,0.0509,1,0.403,0.176,10,10
3scH3LfC2eyoX4zd5sp759,Sacred,0.792,0.00613,123.018,0.847,0.629,0,0.0444,1,0.417,0.0549,11,10
0ppoT7dGTnY1Y5QKC125bz,Be Good,0.495,0.00314,101.211,0.583,0.494,0,0.0339,1,0.286,0.116,13,10
6aFibEwLZUbMln9c5nwtyQ,Midas - Ben Pearce Re-Edit,0.794,0.163,119.973,0.0575,0.764,9,0.0636,0,0.536,0.241,14,10
5nvBbsER3AjvqnptLds8VP,Heavy - Icarus Remix,0.627,0.00937,122.997,0.886,0.834,10,0.0475,0,0.446,0.0367,15,10
